Order ID,Product ID,Customer ID,Date,Sales Amount,Quantity Sold
1,9,171,2023-01-01,160,1
2,50,124,2023-01-02,476,4
3,27,198,2023-01-03,296,3
4,2,39,2023-01-04,14,3
5,5,184,2023-01-05,476,3
6,29,63,2023-01-06,427,4
7,37,46,2023-01-07,275,1
8,38,88,2023-01-08,354,2
9,19,11,2023-01-09,139,1
10,8,62,2023-01-10,391,4
11,48,77,2023-01-11,276,2
12,45,153,2023-01-12,187,4
13,1,199,2023-01-13,262,3
14,22,52,2023-01-14,424,3
15,17,4,2023-01-15,65,4
16,7,59,2023-01-16,472,2
17,25,72,2023-01-17,466,2
18,45,148,2023-01-18,480,1
19,4,93,2023-01-19,92,3
20,36,63,2023-01-20,402,1
21,6,54,2023-01-21,108,1
22,31,117,2023-01-22,158,4
23,19,110,2023-01-23,338,4
24,44,74,2023-01-24,165,1
25,39,107,2023-01-25,199,3
26,27,57,2023-01-26,380,4
27,10,169,2023-01-27,272,1
28,26,3,2023-01-28,89,1
29,19,120,2023-01-29,409,1
30,39,6,2023-01-30,261,1
31,3,5,2023-01-31,106,1
32,45,5,2023-02-01,269,1
33,13,54,2023-02-02,269,4
34,50,47,2023-02-03,112,3
35,28,177,2023-02-04,49,1
36,20,9,2023-02-05,282,2
37,28,99,2023-02-06,110,4
38,8,20,2023-02-07,368,4
39,41,122,2023-02-08,389,1
40,39,61,2023-02-09,317,4
41,1,123,2023-02-10,230,1
42,3,163,2023-02-11,317,3
43,13,178,2023-02-12,429,3
44,28,82,2023-02-13,133,4
45,49,62,2023-02-14,431,4
46,25,145,2023-02-15,240,2
47,33,3,2023-02-16,187,4
48,38,160,2023-02-17,72,2
49,6,13,2023-02-18,494,3
50,44,120,2023-02-19,125,3
51,45,125,2023-02-20,200,1
52,32,89,2023-02-21,71,3
53,45,73,2023-02-22,265,2
54,47,68,2023-02-23,492,4
55,21,142,2023-02-24,16,1
56,16,101,2023-02-25,164,2
57,21,98,2023-02-26,101,4
58,11,11,2023-02-27,479,1
59,37,105,2023-02-28,23,3
60,36,184,2023-03-01,464,2
61,35,67,2023-03-02,238,4
62,19,123,2023-03-03,95,1
63,20,29,2023-03-04,142,1
64,18,137,2023-03-05,192,3
65,47,195,2023-03-06,395,4
66,41,153,2023-03-07,71,3
67,49,76,2023-03-08,228,3
68,14,170,2023-03-09,414,4
69,15,9,2023-03-10,255,4
70,31,40,2023-03-11,239,4
71,1,25,2023-03-12,88,2
72,3,5,2023-03-13,158,4
73,16,139,2023-03-14,147,1
74,23,187,2023-03-15,480,3
75,11,124,2023-03-16,323,2
76,12,38,2023-03-17,385,4
77,10,72,2023-03-18,432,2
78,32,133,2023-03-19,398,4
79,16,176,2023-03-20,74,2
80,8,90,2023-03-21,22,3
81,38,146,2023-03-22,222,3
82,12,198,2023-03-23,483,1
83,24,37,2023-03-24,251,1
84,28,60,2023-03-25,222,4
85,8,176,2023-03-26,190,3
86,28,28,2023-03-27,347,2
87,36,197,2023-03-28,494,2
88,26,81,2023-03-29,182,2
89,8,114,2023-03-30,169,1
90,50,40,2023-03-31,173,2
91,28,45,2023-04-01,474,1
92,28,62,2023-04-02,492,1
93,37,93,2023-04-03,197,4
94,41,115,2023-04-04,404,2
95,36,186,2023-04-05,200,2
96,27,67,2023-04-06,414,3
97,17,56,2023-04-07,317,4
98,9,40,2023-04-08,265,3
99,33,98,2023-04-09,192,4
100,20,40,2023-04-10,126,2
101,13,91,2023-04-11,291,1
102,28,33,2023-04-12,205,1
103,48,6,2023-04-13,43,1
104,29,147,2023-04-14,61,1
105,13,80,2023-04-15,121,1
106,46,168,2023-04-16,261,3
107,35,92,2023-04-17,91,4
108,6,97,2023-04-18,241,2
109,18,59,2023-04-19,236,3
110,5,59,2023-04-20,242,4
111,47,48,2023-04-21,230,1
112,25,169,2023-04-22,445,4
113,2,13,2023-04-23,422,4
114,10,107,2023-04-24,431,1
115,30,45,2023-04-25,51,1
116,50,89,2023-04-26,30,1
117,45,181,2023-04-27,51,2
118,5,170,2023-04-28,406,1
119,33,100,2023-04-29,122,2
120,1,191,2023-04-30,114,1
121,18,155,2023-05-01,201,2
122,32,166,2023-05-02,26,4
123,47,188,2023-05-03,129,3
124,49,7,2023-05-04,402,4
125,11,133,2023-05-05,434,4
126,21,45,2023-05-06,138,1
127,26,58,2023-05-07,139,2
128,25,31,2023-05-08,69,3
129,22,23,2023-05-09,57,1
130,27,170,2023-05-10,38,1
131,49,138,2023-05-11,106,1
132,13,160,2023-05-12,19,4
133,33,107,2023-05-13,251,2
134,34,181,2023-05-14,323,2
135,41,158,2023-05-15,453,3
136,35,39,2023-05-16,241,2
137,1,159,2023-05-17,286,2
138,21,82,2023-05-18,293,1
139,48,100,2023-05-19,212,1
140,6,2,2023-05-20,256,4
141,28,77,2023-05-21,299,1
142,17,12,2023-05-22,273,1
143,5,39,2023-05-23,452,1
144,31,194,2023-05-24,223,1
145,5,13,2023-05-25,209,4
146,38,46,2023-05-26,442,1
147,3,155,2023-05-27,88,3
148,23,113,2023-05-28,410,3
149,37,17,2023-05-29,453,3
150,37,104,2023-05-30,352,3
151,10,98,2023-05-31,353,1
152,10,188,2023-06-01,182,3
153,19,192,2023-06-02,476,1
154,17,88,2023-06-03,78,4
155,21,109,2023-06-04,425,3
156,14,163,2023-06-05,437,2
157,9,70,2023-06-06,458,3
158,46,158,2023-06-07,96,3
159,1,199,2023-06-08,110,1
160,45,74,2023-06-09,17,3
161,13,63,2023-06-10,342,2
162,4,156,2023-06-11,209,1
163,1,60,2023-06-12,96,1
164,49,79,2023-06-13,52,4
165,40,37,2023-06-14,394,4
166,32,22,2023-06-15,118,3
167,34,196,2023-06-16,444,4
168,28,148,2023-06-17,417,4
169,31,96,2023-06-18,492,4
170,8,68,2023-06-19,161,1
171,39,192,2023-06-20,26,1
172,26,17,2023-06-21,142,1
173,34,12,2023-06-22,157,4
174,3,150,2023-06-23,286,1
175,50,145,2023-06-24,241,4
176,12,138,2023-06-25,323,1
177,1,118,2023-06-26,424,1
178,44,193,2023-06-27,375,2
179,5,22,2023-06-28,237,3
180,30,120,2023-06-29,148,4
181,30,50,2023-06-30,445,2
182,17,14,2023-07-01,408,1
183,48,192,2023-07-02,220,4
184,47,175,2023-07-03,400,1
185,23,29,2023-07-04,37,3
186,15,164,2023-07-05,60,2
187,37,180,2023-07-06,451,3
188,21,125,2023-07-07,270,2
189,14,7,2023-07-08,270,1
190,2,29,2023-07-09,359,3
191,11,139,2023-07-10,361,3
192,39,33,2023-07-11,17,1
193,38,134,2023-07-12,329,3
194,34,111,2023-07-13,147,4
195,38,79,2023-07-14,47,2
196,50,160,2023-07-15,120,2
197,34,179,2023-07-16,489,2
198,18,58,2023-07-17,377,4
199,30,26,2023-07-18,229,2
200,15,174,2023-07-19,346,1
201,27,29,2023-07-20,232,3
202,34,4,2023-07-21,145,4
203,38,99,2023-07-22,265,2
204,33,141,2023-07-23,369,1
205,24,39,2023-07-24,418,3
206,15,15,2023-07-25,338,3
207,30,119,2023-07-26,459,4
208,42,29,2023-07-27,472,4
209,17,157,2023-07-28,443,4
210,5,75,2023-07-29,460,1
211,29,116,2023-07-30,58,1
212,4,32,2023-07-31,301,4
213,10,130,2023-08-01,391,2
214,17,175,2023-08-02,333,3
215,10,84,2023-08-03,87,3
216,17,22,2023-08-04,114,1
217,20,27,2023-08-05,178,3
218,24,195,2023-08-06,226,2
219,5,81,2023-08-07,387,3
220,34,126,2023-08-08,128,1
221,6,184,2023-08-09,199,1
222,2,92,2023-08-10,264,2
223,13,21,2023-08-11,379,2
224,43,47,2023-08-12,275,3
225,43,101,2023-08-13,158,3
226,48,187,2023-08-14,173,1
227,11,84,2023-08-15,149,2
228,47,6,2023-08-16,356,2
229,23,147,2023-08-17,497,2
230,16,185,2023-08-18,267,3
231,31,197,2023-08-19,383,2
232,11,131,2023-08-20,278,1
233,16,1,2023-08-21,190,1
234,8,58,2023-08-22,169,3
235,4,124,2023-08-23,360,4
236,40,166,2023-08-24,409,3
237,4,15,2023-08-25,297,4
238,25,162,2023-08-26,297,2
239,3,189,2023-08-27,389,3
240,32,163,2023-08-28,235,1
241,3,64,2023-08-29,20,2
242,27,25,2023-08-30,19,1
243,29,24,2023-08-31,280,2
244,32,12,2023-09-01,282,3
245,50,18,2023-09-02,433,4
246,19,15,2023-09-03,411,2
247,21,27,2023-09-04,192,4
248,5,72,2023-09-05,466,2
249,18,60,2023-09-06,162,1
250,28,174,2023-09-07,497,1
251,42,145,2023-09-08,324,2
252,22,93,2023-09-09,343,4
253,21,53,2023-09-10,133,3
254,6,8,2023-09-11,482,3
255,1,79,2023-09-12,123,1
256,5,27,2023-09-13,287,3
257,41,174,2023-09-14,423,1
258,12,50,2023-09-15,477,3
259,26,199,2023-09-16,222,2
260,46,131,2023-09-17,181,1
261,34,93,2023-09-18,297,1
262,49,192,2023-09-19,444,2
263,14,172,2023-09-20,183,1
264,26,181,2023-09-21,122,3
265,45,24,2023-09-22,385,3
266,27,60,2023-09-23,414,1
267,9,122,2023-09-24,492,3
268,26,131,2023-09-25,131,4
269,47,148,2023-09-26,41,1
270,22,46,2023-09-27,231,2
271,47,15,2023-09-28,128,4
272,30,153,2023-09-29,48,1
273,43,199,2023-09-30,277,2
274,48,17,2023-10-01,242,3
275,17,126,2023-10-02,440,2
276,26,84,2023-10-03,27,4
277,36,9,2023-10-04,158,3
278,1,166,2023-10-05,406,1
279,8,176,2023-10-06,158,3
280,49,188,2023-10-07,135,1
281,35,63,2023-10-08,401,1
282,15,117,2023-10-09,311,2
283,47,130,2023-10-10,369,2
284,22,88,2023-10-11,247,2
285,14,72,2023-10-12,144,4
286,26,139,2023-10-13,160,4
287,28,64,2023-10-14,245,2
288,23,72,2023-10-15,233,4
289,14,21,2023-10-16,212,3
290,24,18,2023-10-17,265,3
291,2,64,2023-10-18,95,4
292,45,82,2023-10-19,159,4
293,26,110,2023-10-20,244,3
294,14,95,2023-10-21,354,1
295,7,166,2023-10-22,31,3
296,3,32,2023-10-23,357,3
297,47,11,2023-10-24,294,4
298,23,45,2023-10-25,278,3
299,46,33,2023-10-26,475,4
300,43,102,2023-10-27,267,4
301,47,169,2023-10-28,38,2
302,45,136,2023-10-29,222,3
303,18,11,2023-10-30,472,1
304,38,179,2023-10-31,445,2
305,35,88,2023-11-01,292,4
306,15,41,2023-11-02,59,4
307,25,145,2023-11-03,104,1
308,37,76,2023-11-04,472,4
309,28,121,2023-11-05,416,3
310,10,46,2023-11-06,97,2
311,39,160,2023-11-07,53,4
312,17,80,2023-11-08,470,4
313,39,54,2023-11-09,287,1
314,22,86,2023-11-10,180,3
315,26,92,2023-11-11,430,4
316,44,148,2023-11-12,198,1
317,25,161,2023-11-13,362,4
318,17,168,2023-11-14,193,1
319,13,160,2023-11-15,12,1
320,20,97,2023-11-16,200,3
321,25,2,2023-11-17,127,4
322,4,33,2023-11-18,28,3
323,10,158,2023-11-19,32,1
324,3,161,2023-11-20,422,2
325,41,77,2023-11-21,39,4
326,45,116,2023-11-22,304,2
327,18,154,2023-11-23,117,4
328,47,150,2023-11-24,376,3
329,36,103,2023-11-25,290,3
330,47,194,2023-11-26,137,3
331,22,166,2023-11-27,238,3
332,34,103,2023-11-28,120,3
333,47,90,2023-11-29,145,2
334,8,174,2023-11-30,371,3
335,40,122,2023-12-01,195,1
336,49,143,2023-12-02,153,1
337,44,106,2023-12-03,81,2
338,19,119,2023-12-04,138,4
339,42,172,2023-12-05,373,1
340,41,49,2023-12-06,270,4
341,37,104,2023-12-07,12,2
342,6,61,2023-12-08,458,4
343,26,195,2023-12-09,397,4
344,34,123,2023-12-10,113,4
345,45,134,2023-12-11,492,4
346,6,9,2023-12-12,233,2
347,37,6,2023-12-13,329,1
348,33,73,2023-12-14,371,3
349,22,103,2023-12-15,363,4
350,21,160,2023-12-16,482,1
351,6,41,2023-12-17,19,1
352,6,114,2023-12-18,414,2
353,48,8,2023-12-19,393,1
354,4,72,2023-12-20,311,2
355,30,178,2023-12-21,240,4
356,11,92,2023-12-22,228,4
357,30,62,2023-12-23,420,3
358,31,84,2023-12-24,75,3
359,24,62,2023-12-25,434,3
360,9,111,2023-12-26,121,1
361,3,127,2023-12-27,22,4
362,31,7,2023-12-28,402,2
363,40,84,2023-12-29,429,3
364,37,132,2023-12-30,95,2
365,36,134,2023-12-31,243,2
366,24,58,2024-01-01,99,3
367,31,22,2024-01-02,323,4
368,6,154,2024-01-03,63,3
369,2,127,2024-01-04,21,2
370,20,3,2024-01-05,218,3
371,28,127,2024-01-06,471,2
372,11,41,2024-01-07,23,2
373,4,188,2024-01-08,130,3
374,15,106,2024-01-09,427,1
375,6,14,2024-01-10,446,3
376,49,12,2024-01-11,386,1
377,30,87,2024-01-12,29,2
378,38,12,2024-01-13,84,2
379,2,141,2024-01-14,409,1
380,15,25,2024-01-15,252,2
381,11,45,2024-01-16,232,1
382,8,122,2024-01-17,79,1
383,26,147,2024-01-18,321,2
384,45,55,2024-01-19,220,4
385,44,100,2024-01-20,110,1
386,5,173,2024-01-21,195,3
387,6,136,2024-01-22,141,3
388,26,119,2024-01-23,120,2
389,4,53,2024-01-24,390,4
390,19,183,2024-01-25,141,2
391,20,32,2024-01-26,29,4
392,33,51,2024-01-27,403,1
393,20,44,2024-01-28,33,1
394,49,82,2024-01-29,236,1
395,12,198,2024-01-30,163,1
396,47,146,2024-01-31,302,3
397,1,150,2024-02-01,239,3
398,26,37,2024-02-02,478,2
399,14,96,2024-02-03,319,4
400,38,56,2024-02-04,497,1
401,37,105,2024-02-05,368,1
402,11,59,2024-02-06,414,4
403,36,131,2024-02-07,211,4
404,13,156,2024-02-08,47,2
405,43,35,2024-02-09,439,4
406,3,189,2024-02-10,269,1
407,33,93,2024-02-11,197,1
408,6,182,2024-02-12,66,1
409,50,191,2024-02-13,438,1
410,10,97,2024-02-14,29,1
411,5,135,2024-02-15,282,2
412,23,76,2024-02-16,128,1
413,10,49,2024-02-17,80,2
414,44,94,2024-02-18,13,1
415,2,159,2024-02-19,230,3
416,13,186,2024-02-20,23,3
417,40,189,2024-02-21,12,3
418,2,24,2024-02-22,225,3
419,20,148,2024-02-23,238,2
420,1,37,2024-02-24,345,2
421,37,4,2024-02-25,195,4
422,9,108,2024-02-26,64,1
423,17,126,2024-02-27,397,3
424,9,20,2024-02-28,385,2
425,11,188,2024-02-29,263,1
426,15,152,2024-03-01,33,1
427,24,50,2024-03-02,171,2
428,38,177,2024-03-03,167,3
429,35,179,2024-03-04,91,4
430,30,96,2024-03-05,412,1
431,31,105,2024-03-06,168,4
432,49,164,2024-03-07,197,3
433,5,117,2024-03-08,69,3
434,44,98,2024-03-09,412,4
435,50,66,2024-03-10,314,3
436,14,79,2024-03-11,328,1
437,11,162,2024-03-12,375,4
438,9,164,2024-03-13,220,3
439,34,6,2024-03-14,415,4
440,12,39,2024-03-15,161,1
441,35,170,2024-03-16,118,3
442,35,115,2024-03-17,85,1
443,1,186,2024-03-18,39,3
444,40,125,2024-03-19,323,2
445,22,12,2024-03-20,495,3
446,29,131,2024-03-21,126,4
447,8,18,2024-03-22,424,3
448,11,40,2024-03-23,365,1
449,41,21,2024-03-24,201,1
450,37,143,2024-03-25,28,3
451,14,99,2024-03-26,441,4
452,30,26,2024-03-27,182,2
453,35,8,2024-03-28,237,4
454,21,100,2024-03-29,359,2
455,37,87,2024-03-30,192,1
456,5,42,2024-03-31,122,4
457,19,172,2024-04-01,192,2
458,14,14,2024-04-02,490,3
459,26,78,2024-04-03,155,1
460,4,2,2024-04-04,328,3
461,25,119,2024-04-05,125,1
462,45,37,2024-04-06,122,4
463,42,69,2024-04-07,260,4
464,25,166,2024-04-08,485,1
465,18,41,2024-04-09,260,1
466,40,62,2024-04-10,312,1
467,8,60,2024-04-11,468,4
468,39,125,2024-04-12,322,2
469,40,111,2024-04-13,127,3
470,14,14,2024-04-14,310,3
471,32,84,2024-04-15,170,4
472,38,130,2024-04-16,410,3
473,33,70,2024-04-17,207,1
474,23,145,2024-04-18,269,2
475,15,123,2024-04-19,157,3
476,33,89,2024-04-20,249,2
477,25,28,2024-04-21,56,1
478,17,66,2024-04-22,484,3
479,33,163,2024-04-23,408,4
480,47,5,2024-04-24,207,2
481,2,193,2024-04-25,56,1
482,14,168,2024-04-26,87,2
483,40,184,2024-04-27,133,3
484,40,164,2024-04-28,84,3
485,39,45,2024-04-29,368,4
486,6,151,2024-04-30,146,1
487,6,47,2024-05-01,99,1
488,3,31,2024-05-02,409,4
489,7,139,2024-05-03,334,4
490,8,10,2024-05-04,70,1
491,42,195,2024-05-05,147,2
492,15,118,2024-05-06,59,2
493,47,14,2024-05-07,268,4
494,29,80,2024-05-08,470,2
495,33,93,2024-05-09,116,1
496,30,10,2024-05-10,122,3
497,39,76,2024-05-11,359,3
498,27,94,2024-05-12,263,2
499,36,105,2024-05-13,127,4
500,29,1,2024-05-14,207,4
501,38,133,2024-05-15,346,4
502,33,20,2024-05-16,374,4
503,37,8,2024-05-17,60,4
504,27,171,2024-05-18,254,2
505,33,1,2024-05-19,412,3
506,4,57,2024-05-20,435,3
507,22,64,2024-05-21,44,2
508,2,118,2024-05-22,311,4
509,10,28,2024-05-23,419,2
510,5,121,2024-05-24,78,3
511,10,107,2024-05-25,358,1
512,33,165,2024-05-26,329,2
513,38,175,2024-05-27,430,4
514,13,165,2024-05-28,477,3
515,31,49,2024-05-29,58,3
516,47,120,2024-05-30,414,3
517,36,44,2024-05-31,83,3
518,45,56,2024-06-01,201,4
519,24,156,2024-06-02,270,1
520,15,111,2024-06-03,365,3
521,29,134,2024-06-04,79,2
522,8,108,2024-06-05,99,1
523,5,189,2024-06-06,269,3
524,29,148,2024-06-07,135,1
525,47,114,2024-06-08,240,2
526,4,78,2024-06-09,304,3
527,12,130,2024-06-10,428,2
528,45,37,2024-06-11,138,4
529,2,20,2024-06-12,289,3
530,27,26,2024-06-13,322,3
531,31,29,2024-06-14,109,3
532,36,1,2024-06-15,335,3
533,36,119,2024-06-16,306,4
534,26,35,2024-06-17,191,3
535,43,198,2024-06-18,183,1
536,27,59,2024-06-19,325,3
537,5,69,2024-06-20,373,4
538,20,161,2024-06-21,197,3
539,11,179,2024-06-22,66,1
540,10,12,2024-06-23,40,4
541,40,20,2024-06-24,93,4
542,38,181,2024-06-25,161,1
543,6,43,2024-06-26,482,1
544,8,126,2024-06-27,45,1
545,23,50,2024-06-28,222,1
546,47,29,2024-06-29,423,1
547,26,185,2024-06-30,417,4
548,46,39,2024-07-01,373,4
549,43,184,2024-07-02,115,3
550,12,171,2024-07-03,423,3
551,26,178,2024-07-04,351,2
552,13,151,2024-07-05,229,3
553,40,172,2024-07-06,400,3
554,18,38,2024-07-07,172,1
555,25,84,2024-07-08,448,1
556,33,151,2024-07-09,229,3
557,47,128,2024-07-10,279,2
558,40,126,2024-07-11,129,1
559,43,45,2024-07-12,403,3
560,12,52,2024-07-13,345,3
561,44,80,2024-07-14,409,4
562,36,178,2024-07-15,191,2
563,48,124,2024-07-16,488,4
564,4,119,2024-07-17,115,2
565,5,8,2024-07-18,226,1
566,37,85,2024-07-19,214,2
567,8,129,2024-07-20,79,3
568,42,8,2024-07-21,53,3
569,49,157,2024-07-22,338,2
570,28,96,2024-07-23,310,2
571,31,102,2024-07-24,237,2
572,9,5,2024-07-25,193,4
573,29,86,2024-07-26,116,2
574,14,175,2024-07-27,93,1
575,40,34,2024-07-28,347,4
576,41,193,2024-07-29,259,4
577,22,55,2024-07-30,372,2
578,11,119,2024-07-31,450,1
579,23,171,2024-08-01,30,4
580,1,158,2024-08-02,205,3
581,46,114,2024-08-03,187,4
582,37,145,2024-08-04,426,2
583,21,26,2024-08-05,484,1
584,26,136,2024-08-06,16,2
585,46,47,2024-08-07,79,3
586,36,113,2024-08-08,136,3
587,23,76,2024-08-09,408,3
588,1,72,2024-08-10,475,2
589,40,89,2024-08-11,169,4
590,15,46,2024-08-12,257,2
591,21,196,2024-08-13,212,1
592,47,33,2024-08-14,157,4
593,9,1,2024-08-15,481,3
594,9,147,2024-08-16,152,2
595,10,31,2024-08-17,441,3
596,26,142,2024-08-18,208,3
597,41,53,2024-08-19,414,1
598,35,48,2024-08-20,435,4
599,25,69,2024-08-21,163,1
600,26,105,2024-08-22,385,1
601,11,90,2024-08-23,393,1
602,38,190,2024-08-24,151,3
603,2,194,2024-08-25,322,1
604,7,192,2024-08-26,174,1
605,18,198,2024-08-27,323,4
606,27,63,2024-08-28,30,4
607,34,73,2024-08-29,91,1
608,27,161,2024-08-30,78,4
609,17,169,2024-08-31,140,4
610,43,89,2024-09-01,96,1
611,44,176,2024-09-02,227,3
612,24,13,2024-09-03,430,1
613,25,73,2024-09-04,481,4
614,7,77,2024-09-05,314,3
615,6,159,2024-09-06,412,2
616,24,68,2024-09-07,380,3
617,33,98,2024-09-08,354,4
618,49,125,2024-09-09,350,3
619,29,102,2024-09-10,393,1
620,43,132,2024-09-11,405,2
621,22,102,2024-09-12,454,2
622,26,19,2024-09-13,434,2
623,28,198,2024-09-14,170,4
624,50,82,2024-09-15,187,4
625,21,141,2024-09-16,126,2
626,49,23,2024-09-17,205,3
627,7,83,2024-09-18,392,2
628,17,109,2024-09-19,499,3
629,20,75,2024-09-20,336,3
630,41,129,2024-09-21,95,4
631,49,88,2024-09-22,298,3
632,20,54,2024-09-23,90,2
633,22,199,2024-09-24,161,4
634,28,89,2024-09-25,70,1
635,40,143,2024-09-26,70,1
636,49,65,2024-09-27,363,4
637,7,76,2024-09-28,37,2
638,1,199,2024-09-29,451,1
639,32,143,2024-09-30,52,1
640,13,149,2024-10-01,178,3
641,30,147,2024-10-02,432,3
642,23,60,2024-10-03,95,2
643,19,93,2024-10-04,186,4
644,32,161,2024-10-05,26,2
645,30,49,2024-10-06,107,4
646,29,35,2024-10-07,463,1
647,49,172,2024-10-08,207,3
648,45,102,2024-10-09,107,2
649,29,11,2024-10-10,74,2
650,30,99,2024-10-11,339,4
651,16,200,2024-10-12,350,4
652,40,110,2024-10-13,14,2
653,19,74,2024-10-14,11,4
654,18,194,2024-10-15,31,2
655,1,174,2024-10-16,121,2
656,14,9,2024-10-17,66,2
657,47,3,2024-10-18,75,1
658,50,85,2024-10-19,339,4
659,2,26,2024-10-20,107,3
660,28,72,2024-10-21,153,3
661,49,48,2024-10-22,377,4
662,50,194,2024-10-23,444,2
663,30,198,2024-10-24,134,3
664,38,156,2024-10-25,176,3
665,4,117,2024-10-26,95,4
666,1,154,2024-10-27,85,3
667,8,153,2024-10-28,353,2
668,29,12,2024-10-29,433,4
669,39,133,2024-10-30,303,2
670,3,48,2024-10-31,453,3
671,32,37,2024-11-01,68,3
672,10,44,2024-11-02,147,2
673,10,15,2024-11-03,108,1
674,19,43,2024-11-04,201,3
675,46,176,2024-11-05,252,1
676,34,87,2024-11-06,328,3
677,33,70,2024-11-07,58,1
678,23,46,2024-11-08,457,1
679,28,108,2024-11-09,41,1
680,32,123,2024-11-10,400,2
681,50,171,2024-11-11,286,1
682,7,21,2024-11-12,29,1
683,29,151,2024-11-13,163,1
684,8,107,2024-11-14,392,3
685,1,80,2024-11-15,77,1
686,3,47,2024-11-16,375,3
687,24,117,2024-11-17,381,1
688,23,124,2024-11-18,223,1
689,8,143,2024-11-19,152,2
690,47,25,2024-11-20,385,3
691,37,36,2024-11-21,241,1
692,3,51,2024-11-22,222,3
693,33,15,2024-11-23,88,3
694,28,68,2024-11-24,223,4
695,47,21,2024-11-25,125,2
696,8,141,2024-11-26,101,2
697,34,19,2024-11-27,279,2
698,35,34,2024-11-28,420,4
699,32,78,2024-11-29,390,4
700,24,125,2024-11-30,498,2
701,14,196,2024-12-01,177,4
702,32,117,2024-12-02,67,4
703,46,52,2024-12-03,293,4
704,43,27,2024-12-04,35,2
705,16,157,2024-12-05,378,2
706,4,156,2024-12-06,456,2
707,37,35,2024-12-07,75,4
708,21,136,2024-12-08,418,2
709,14,144,2024-12-09,257,4
710,31,106,2024-12-10,263,1
711,48,164,2024-12-11,396,4
712,18,158,2024-12-12,465,3
713,7,146,2024-12-13,53,2
714,10,2,2024-12-14,106,2
715,7,177,2024-12-15,51,3
716,33,77,2024-12-16,236,4
717,23,132,2024-12-17,271,1
718,21,90,2024-12-18,176,3
719,19,89,2024-12-19,445,3
720,48,94,2024-12-20,288,4
721,19,7,2024-12-21,98,2
722,36,95,2024-12-22,388,4
723,29,108,2024-12-23,187,3
724,18,74,2024-12-24,436,3
725,2,39,2024-12-25,412,2
726,1,141,2024-12-26,206,2
727,47,159,2024-12-27,316,2
728,5,71,2024-12-28,276,4
729,20,191,2024-12-29,277,2
730,11,56,2024-12-30,83,3
731,42,170,2024-12-31,17,3
732,2,189,2025-01-01,417,1
733,3,42,2025-01-02,485,4
734,23,184,2025-01-03,306,1
735,12,36,2025-01-04,173,3
736,20,84,2025-01-05,494,1
737,5,196,2025-01-06,94,3
738,37,118,2025-01-07,81,1
739,38,7,2025-01-08,64,2
740,30,54,2025-01-09,402,1
741,9,129,2025-01-10,56,2
742,34,172,2025-01-11,408,2
743,44,120,2025-01-12,441,4
744,35,173,2025-01-13,247,2
745,22,106,2025-01-14,113,2
746,44,47,2025-01-15,219,1
747,24,123,2025-01-16,51,3
748,17,141,2025-01-17,325,4
749,10,119,2025-01-18,477,2
750,30,150,2025-01-19,463,4
751,46,118,2025-01-20,277,1
752,23,21,2025-01-21,395,2
753,32,137,2025-01-22,272,1
754,17,26,2025-01-23,345,4
755,50,9,2025-01-24,396,1
756,17,15,2025-01-25,374,4
757,14,10,2025-01-26,268,1
758,9,122,2025-01-27,292,4
759,40,121,2025-01-28,123,3
760,2,125,2025-01-29,372,1
761,45,170,2025-01-30,49,1
762,25,72,2025-01-31,495,3
763,39,152,2025-02-01,426,3
764,9,49,2025-02-02,229,1
765,22,154,2025-02-03,138,3
766,43,91,2025-02-04,17,2
767,46,37,2025-02-05,110,4
768,4,68,2025-02-06,425,4
769,26,50,2025-02-07,389,4
770,29,152,2025-02-08,185,2
771,45,19,2025-02-09,116,3
772,34,100,2025-02-10,110,3
773,23,60,2025-02-11,269,1
774,37,167,2025-02-12,487,3
775,11,89,2025-02-13,463,1
776,6,146,2025-02-14,375,2
777,18,147,2025-02-15,255,4
778,21,164,2025-02-16,284,4
779,42,183,2025-02-17,41,4
780,36,69,2025-02-18,146,3
781,41,175,2025-02-19,21,1
782,38,49,2025-02-20,404,1
783,34,108,2025-02-21,311,2
784,17,161,2025-02-22,384,3
785,37,119,2025-02-23,25,2
786,25,149,2025-02-24,138,1
787,38,150,2025-02-25,72,1
788,12,176,2025-02-26,118,4
789,23,37,2025-02-27,384,3
790,42,143,2025-02-28,30,1
791,22,163,2025-03-01,167,4
792,21,199,2025-03-02,278,3
793,27,160,2025-03-03,171,2
794,31,11,2025-03-04,269,3
795,6,138,2025-03-05,421,3
796,27,78,2025-03-06,111,1
797,40,77,2025-03-07,232,1
798,34,185,2025-03-08,68,3
799,12,153,2025-03-09,256,1
800,45,2,2025-03-10,137,1
801,7,64,2025-03-11,292,1
802,10,35,2025-03-12,334,4
803,45,7,2025-03-13,34,4
804,17,85,2025-03-14,140,3
805,26,146,2025-03-15,362,1
806,21,67,2025-03-16,205,4
807,28,42,2025-03-17,290,3
808,46,118,2025-03-18,413,1
809,2,125,2025-03-19,427,2
810,43,167,2025-03-20,163,1
811,1,169,2025-03-21,391,1
812,36,24,2025-03-22,142,4
813,26,188,2025-03-23,236,3
814,29,46,2025-03-24,198,3
815,21,19,2025-03-25,485,4
816,11,68,2025-03-26,486,1
817,40,102,2025-03-27,274,2
818,11,42,2025-03-28,381,1
819,36,32,2025-03-29,495,1
820,49,167,2025-03-30,443,2
821,39,109,2025-03-31,143,4
822,40,36,2025-04-01,220,3
823,35,97,2025-04-02,69,4
824,34,164,2025-04-03,437,4
825,47,131,2025-04-04,386,1
826,24,73,2025-04-05,404,3
827,22,136,2025-04-06,459,3
828,5,97,2025-04-07,440,4
829,33,123,2025-04-08,373,2
830,36,70,2025-04-09,373,4
831,47,169,2025-04-10,466,2
832,20,196,2025-04-11,222,3
833,19,13,2025-04-12,225,4
834,35,49,2025-04-13,235,1
835,43,60,2025-04-14,479,4
836,17,130,2025-04-15,140,3
837,45,188,2025-04-16,85,1
838,43,5,2025-04-17,485,1
839,34,172,2025-04-18,295,2
840,9,27,2025-04-19,483,1
841,26,160,2025-04-20,286,1
842,2,149,2025-04-21,165,4
843,9,8,2025-04-22,257,3
844,9,200,2025-04-23,227,2
845,40,50,2025-04-24,199,4
846,17,67,2025-04-25,426,1
847,1,44,2025-04-26,478,1
848,25,125,2025-04-27,172,2
849,43,58,2025-04-28,189,3
850,40,3,2025-04-29,43,2
851,42,86,2025-04-30,50,4
852,25,70,2025-05-01,316,2
853,39,130,2025-05-02,440,1
854,35,172,2025-05-03,347,4
855,3,2,2025-05-04,323,1
856,50,102,2025-05-05,84,3
857,37,35,2025-05-06,450,1
858,44,98,2025-05-07,288,1
859,44,30,2025-05-08,185,2
860,30,116,2025-05-09,393,1
861,38,8,2025-05-10,159,4
862,34,150,2025-05-11,282,4
863,12,44,2025-05-12,334,3
864,19,186,2025-05-13,117,4
865,37,36,2025-05-14,148,2
866,44,197,2025-05-15,359,3
867,49,77,2025-05-16,280,4
868,17,31,2025-05-17,356,2
869,10,47,2025-05-18,428,4
870,49,55,2025-05-19,298,4
871,47,106,2025-05-20,221,1
872,12,190,2025-05-21,390,4
873,16,158,2025-05-22,281,4
874,24,121,2025-05-23,427,2
875,19,55,2025-05-24,75,2
876,8,144,2025-05-25,492,1
877,31,12,2025-05-26,433,4
878,21,145,2025-05-27,257,1
879,17,144,2025-05-28,165,4
880,23,140,2025-05-29,56,3
881,37,136,2025-05-30,432,3
882,16,3,2025-05-31,463,1
883,6,144,2025-06-01,210,1
884,8,30,2025-06-02,157,1
885,25,23,2025-06-03,133,2
886,18,92,2025-06-04,10,2
887,25,115,2025-06-05,465,2
888,12,104,2025-06-06,256,1
889,15,118,2025-06-07,352,4
890,26,5,2025-06-08,137,3
891,41,104,2025-06-09,200,1
892,45,108,2025-06-10,76,2
893,26,65,2025-06-11,13,2
894,47,121,2025-06-12,451,1
895,32,30,2025-06-13,418,1
896,10,149,2025-06-14,312,2
897,16,84,2025-06-15,303,4
898,7,198,2025-06-16,152,2
899,17,150,2025-06-17,200,2
900,23,200,2025-06-18,30,1
901,26,32,2025-06-19,236,4
902,21,161,2025-06-20,322,2
903,22,16,2025-06-21,126,2
904,7,38,2025-06-22,446,3
905,14,142,2025-06-23,311,1
906,15,36,2025-06-24,151,3
907,7,151,2025-06-25,493,3
908,9,114,2025-06-26,469,2
909,48,66,2025-06-27,410,1
910,8,105,2025-06-28,48,4
911,50,85,2025-06-29,402,2
912,23,2,2025-06-30,364,4
913,29,193,2025-07-01,261,4
914,18,75,2025-07-02,342,1
915,31,67,2025-07-03,216,3
916,30,180,2025-07-04,219,1
917,39,190,2025-07-05,124,4
918,35,151,2025-07-06,234,2
919,18,154,2025-07-07,143,4
920,42,196,2025-07-08,260,2
921,39,55,2025-07-09,228,2
922,17,6,2025-07-10,416,1
923,14,163,2025-07-11,452,4
924,31,150,2025-07-12,100,3
925,24,171,2025-07-13,363,4
926,35,143,2025-07-14,385,4
927,44,86,2025-07-15,55,3
928,45,60,2025-07-16,47,1
929,34,101,2025-07-17,151,4
930,3,12,2025-07-18,109,4
931,37,49,2025-07-19,337,2
932,43,42,2025-07-20,199,4
933,40,166,2025-07-21,44,3
934,26,82,2025-07-22,156,2
935,23,173,2025-07-23,39,1
936,44,35,2025-07-24,343,2
937,39,158,2025-07-25,93,3
938,15,158,2025-07-26,378,3
939,49,134,2025-07-27,290,2
940,4,67,2025-07-28,433,1
941,29,80,2025-07-29,353,2
942,22,7,2025-07-30,279,1
943,25,180,2025-07-31,163,2
944,13,14,2025-08-01,111,3
945,18,73,2025-08-02,224,4
946,33,143,2025-08-03,159,4
947,16,149,2025-08-04,441,1
948,45,163,2025-08-05,92,1
949,42,66,2025-08-06,119,1
950,44,91,2025-08-07,444,3
951,2,130,2025-08-08,396,2
952,35,163,2025-08-09,435,3
953,42,20,2025-08-10,284,4
954,34,10,2025-08-11,210,1
955,30,25,2025-08-12,293,2
956,13,194,2025-08-13,477,4
957,13,25,2025-08-14,182,4
958,18,54,2025-08-15,336,4
959,32,33,2025-08-16,215,3
960,32,164,2025-08-17,72,1
961,35,95,2025-08-18,82,4
962,39,14,2025-08-19,260,1
963,46,65,2025-08-20,133,3
964,29,110,2025-08-21,384,4
965,49,80,2025-08-22,130,3
966,29,54,2025-08-23,284,3
967,44,125,2025-08-24,440,1
968,16,180,2025-08-25,407,4
969,44,131,2025-08-26,129,3
970,47,169,2025-08-27,431,4
971,10,134,2025-08-28,446,1
972,30,25,2025-08-29,326,3
973,25,141,2025-08-30,173,1
974,39,117,2025-08-31,433,4
975,20,136,2025-09-01,474,4
976,5,149,2025-09-02,295,1
977,1,196,2025-09-03,274,2
978,30,25,2025-09-04,329,3
979,49,79,2025-09-05,170,4
980,3,68,2025-09-06,385,4
981,45,173,2025-09-07,317,3
982,14,188,2025-09-08,98,1
983,30,12,2025-09-09,151,1
984,50,32,2025-09-10,212,1
985,4,128,2025-09-11,318,2
986,18,96,2025-09-12,236,2
987,37,92,2025-09-13,498,4
988,25,141,2025-09-14,452,1
989,48,31,2025-09-15,343,3
990,1,78,2025-09-16,231,4
991,46,20,2025-09-17,50,3
992,15,146,2025-09-18,205,4
993,9,60,2025-09-19,77,2
994,15,191,2025-09-20,485,4
995,49,134,2025-09-21,273,2
996,24,160,2025-09-22,11,4
997,4,93,2025-09-23,370,1
998,12,43,2025-09-24,134,3
999,37,130,2025-09-25,119,1
1000,37,60,2025-09-26,95,4
